{
  "project_info": {
    "project_number": "539545560871",
    "firebase_url": "https://skiplyprod.firebaseio.com",
    "project_id": "skiplyprod",
    "storage_bucket": "skiplyprod.appspot.com"
  },
  "client": [
    {
      "client_info": {
        "mobilesdk_app_id": "1:539545560871:android:642fa50d628843b4",
        "android_client_info": {
          "package_name": "ae.rakbank.skiply"
        }
      },
      "oauth_client": [
        {
          "client_id": "539545560871-dg8hsvidkqu2d3c7ib5d3lnsfmnmufjs.apps.googleusercontent.com",
          "client_type": 3
        }
      ],
      "api_key": [
        {
          "current_key": "AIzaSyBrmANINmPofTFwq9ad-O5cIHbmcAc24yM"
        }
      ],
      "services": {
        "appinvite_service": {
          "other_platform_oauth_client": [
            {
              "client_id": "539545560871-dg8hsvidkqu2d3c7ib5d3lnsfmnmufjs.apps.googleusercontent.com",
              "client_type": 3
            },
            {
              "client_id": "539545560871-vba22erk9h2g1u4gls3hcj57rcfecg9j.apps.googleusercontent.com",
              "client_type": 2,
              "ios_info": {
                "bundle_id": "ae.rakbank.skiply"
              }
            }
          ]
        }
      }
    }
  ],
  "configuration_version": "1"
}
